Title,Year,mean_group_size,n_observations,n_encounters
1,1989,3.4375,16,16
1,1990,3.9375,16,16
1,1994,3.3333333333333335,3,3
1,1996,2.25,4,4
1,1998,2.6,20,20
1,1999,3.9,10,10
1,2001,2.7142857142857144,7,7
1,2002,2.7,10,10
1,2003,2.3333333333333335,3,3
10,1989,2.3333333333333335,3,3
10,1990,2,1,1
10,1996,2,1,1
10,1998,3.5384615384615383,13,13
10,1999,3.2,5,5
10,2002,2.6,10,10
10,2011,2.3333333333333335,3,3
1000,1997,3,2,2
1009,1996,2,3,3
101,1990,4.833333333333333,6,6
1019,1998,2.52,25,25
1019,1999,4,2,2
1019,2002,2.8,5,5
102,1990,2.8260869565217392,23,23
102,1993,3,2,2
102,1996,3.2857142857142856,14,14
102,1997,2.764705882352941,17,17
102,1998,2.3333333333333335,3,3
102,1999,3.3333333333333335,3,3
102,2001,2.4,5,5
102,2002,2.2,5,5
102,2013,2,1,1
102,2015,2.5714285714285716,7,6
102,2016,2.272727272727273,11,8
102,2017,2,3,2
1020,1996,2,1,1
1020,1997,2.2,5,5
1022,1996,3.5,4,4
1022,1997,2,3,3
1022,1999,3,1,1
1023,1996,4.25,4,4
1030,1996,2.3333333333333335,6,6
1032,1996,2,5,5
104,1989,3,3,3
104,1990,3.4166666666666665,12,12
1040,1996,2.5454545454545454,11,11
1040,1999,3.142857142857143,7,7
1042,1996,2.25,4,4
1042,1997,2.5,2,2
1043,1996,2.6666666666666665,6,6
1045,1996,2.7,10,10
1046,1996,2.375,16,16
1047,1996,2,1,1
105,1989,3,1,1
105,1990,5,1,1
1054,1996,4,2,2
1057,1996,3,1,1
1058,1996,3.7142857142857144,7,7
1059,1996,3,1,1
106,1989,3.6,5,5
106,1990,2,3,3
1062,1996,3,13,13
1063,1996,3,23,23
1063,1997,2,1,1
1066,1996,2,2,2
1068,1996,2,1,1
1069,1996,2,1,1
1069,1997,2,3,3
1072,1996,3.25,8,8
1081,1996,2.3333333333333335,6,6
1093,1996,3,2,2
1094,1996,2.6666666666666665,6,6
1094,1997,2.25,4,4
1097,1996,2.5,2,2
1109,1996,3,1,1
111,1989,4,1,1
1110,1996,2,1,1
1114,1996,2.5,2,2
1114,1997,2,1,1
1114,1999,2.6666666666666665,3,3
1114,2008,2,1,1
1116,1996,2.5,2,2
1121,1996,2.5,4,4
1124,1996,2,2,2
1134,1996,2,1,1
1136,1996,3,2,2
1140,1996,4,1,1
1142,1996,4.285714285714286,7,7
1146,1997,3,2,2
1146,1998,3.227272727272727,22,22
1146,1999,2,1,1
1147,1996,2.888888888888889,9,9
1147,1997,2,8,8
1147,1998,2,6,6
1147,1999,6.2727272727272725,11,11
1147,2006,2.5714285714285716,7,7
1147,2010,2,1,1
1148,1996,3,3,3
115,1989,5,2,2
115,1990,3,2,2
1152,1996,2,1,1
1155,1996,2.3333333333333335,3,3
1155,1998,2.8181818181818183,33,33
1158,1996,3.5,2,2
116,1989,4,1,1
1160,1996,3,1,1
1163,1996,4,2,2
1173,1996,2.5,2,2
1173,2001,4,2,2
1174,1996,2.5,2,2
1176,1996,2,1,1
1179,1996,3,1,1
118,1989,4,1,1
118,1998,3,27,27
1185,1996,3.2,5,5
119,1989,5.333333333333333,3,3
120,1989,4,2,2
120,1996,4,3,3
120,1997,3,1,1
120,1999,3.8,5,5
120,2002,2.5,6,6
120,2003,2.4,5,5
120,2006,2,1,1
120,2013,2.2,5,5
1205,1997,3,1,1
1217,1997,3.142857142857143,7,7
1219,1997,4.666666666666667,3,3
1220,1997,3.3,10,10
1221,1997,3.8,5,5
1227,1997,4,1,1
1233,1997,4,1,1
1234,1997,4,1,1
1237,1997,3,1,1
1239,1997,2.625,8,8
1239,1998,2.4615384615384617,13,13
124,1989,3,2,2
124,1994,4,1,1
124,1996,2.8333333333333335,6,6
124,1997,2,1,1
124,2002,2,1,1
1247,1997,2,1,1
1248,1997,2,2,2
1251,1997,3,1,1
1253,1998,2,1,1
1258,1997,2.3333333333333335,3,3
1264,1997,2,1,1
1266,1997,2,1,1
1267,1997,2.2222222222222223,9,9
127,1989,2.5,2,2
127,1999,3,2,2
127,2002,2.5,12,12
1270,1997,3,1,1
1272,1997,2.5,2,2
1272,1998,2,1,1
1275,1997,2.3333333333333335,3,3
1276,1997,2,1,1
1277,1997,2,1,1
1280,1997,3,1,1
1284,1997,2,1,1
1284,1998,2,1,1
129,1989,3,1,1
129,1990,2,3,3
1291,1997,2,1,1
1292,1997,2.727272727272727,11,11
1293,1997,2.6666666666666665,3,3
1296,1997,2.6666666666666665,3,3
13,1989,3.2857142857142856,7,7
13,1990,4.428571428571429,14,14
1301,1997,3,1,1
1307,1997,2,5,5
1309,1997,2,1,1
131,1989,2.5,2,2
131,1995,4,1,1
131,1997,2.6666666666666665,3,3
131,1998,3.0652173913043477,46,46
131,1999,3.909090909090909,11,11
1311,1997,2,1,1
1313,1998,2.3,10,10
1313,2001,3.6,5,5
1313,2002,3.2,10,10
1313,2006,2,1,1
1315,1997,2,4,4
1317,1997,2.5,2,2
1317,2021,2,4,4
132,1989,2,1,1
1320,1997,2,1,1
1329,1997,2,1,1
1329,1998,4.5,2,2
1332,1997,2,3,3
1332,1998,2.3333333333333335,12,12
1332,1999,2,1,1
1334,1997,2,3,3
1334,1998,2.4166666666666665,12,12
1334,1999,2.6666666666666665,3,3
1335,1997,2,2,2
1336,1994,4.5,2,2
1336,1997,2.5,2,2
1336,1998,2,1,1
1336,1999,2,1,1
1336,2001,2,1,1
1336,2021,2,1,1
1337,1997,2.25,4,4
1337,1998,4.5,2,2
134,1989,2.5,2,2
134,1990,2.5,2,2
1344,1997,2,1,1
1345,1997,2,1,1
1348,1997,2,1,1
135,1989,3,1,1
1351,1997,2,2,2
1354,1997,2,1,1
1357,1997,2.3333333333333335,3,3
1358,1997,2.2,5,5
1364,1997,2.3333333333333335,3,3
1364,2001,2,3,3
1364,2002,2.25,4,4
1364,2010,2.5,2,2
1364,2016,2.5714285714285716,7,7
1369,1997,2,1,1
138,1989,3,1,1
14,1989,2,1,1
1404,1998,2.875,8,8
141,1989,3,3,3
1410,1998,2.5,4,4
1414,1998,3.8,5,5
1417,1998,3.375,8,8
1418,1998,2.8333333333333335,6,6
1420,1998,3,1,1
1422,1998,2.933333333333333,15,15
1424,1998,2.96,25,25
1426,1998,2,2,2
1429,1998,2,2,2
143,1990,2,1,1
143,1997,2,3,3
143,2006,3,1,1
1435,1998,3.6666666666666665,6,6
1436,1998,2.25,4,4
1438,1998,2.5,4,4
1438,1999,4,2,2
144,1989,3,1,1
1442,1998,3.5,4,4
1450,1998,2.2857142857142856,7,7
1451,1998,2.5,6,6
1458,1998,3,3,3
1458,2002,3,1,1
1458,2006,2,1,1
1458,2010,2,4,3
1458,2011,2,1,1
1458,2016,2.1,10,7
146,1989,3,2,2
1461,1998,3.4285714285714284,7,7
1461,1999,6,4,4
1469,1998,2,9,9
1469,1999,5,14,14
1470,1998,2,14,14
1470,1999,5.5,6,6
1470,2003,2.6666666666666665,3,3
1472,1998,2.736842105263158,19,19
1472,1999,3.888888888888889,9,9
1473,1998,2.5,2,2
1479,1998,2,1,1
1488,1998,3,1,1
149,1989,3,1,1
1493,1998,2,1,1
1493,1999,9,1,1
1496,1998,2,1,1
1497,1998,2,1,1
15,1989,6,2,2
15,1990,2,2,2
1500,1998,3,1,1
1501,1998,2.25,4,4
1503,1998,3,1,1
1504,1998,2,2,2
1505,1998,2,3,3
1507,1998,2.5,2,2
151,1989,2.3333333333333335,3,3
1510,1998,2.6,5,5
1512,1998,2.5,6,6
1512,2002,2,2,2
1513,1998,2.6666666666666665,3,3
1515,1998,4,1,1
152,1990,2.6153846153846154,13,13
153,1989,2.3333333333333335,3,3
153,1990,3,1,1
156,1989,2,4,4
156,1990,2,1,1
158,1990,2,1,1
159,1989,2.4,5,5
159,1996,3,2,2
159,1997,2.4285714285714284,7,7
16,1990,5.2,5,5
16,2001,3,2,2
16,2002,4,1,1
16,2011,2,2,2
1602,1999,6,1,1
1605,1999,4.5,2,2
1618,1999,4.625,8,8
162,1989,2.5,2,2
162,1994,3,2,2
162,1999,8,1,1
162,2011,2,1,1
162,2019,2.375,8,3
162,2021,2,9,7
1621,1999,4,4,4
1622,1999,3.4,5,5
1623,1999,3.5,2,2
1626,1999,5,1,1
1628,1999,4.5,2,2
1630,1999,6.666666666666667,6,6
1631,1999,7,1,1
1632,1999,7,1,1
1633,1999,5.333333333333333,9,9
1634,1999,6.5,8,8
1642,2001,3,1,1
1645,1999,5,9,9
1651,1999,5.5,4,4
166,1990,2.5,2,2
1662,1999,2.75,4,4
1667,1999,3,1,1
1672,1999,3.5,2,2
1674,1999,4,1,1
1676,1999,6,2,2
1676,2002,2,1,1
1676,2013,2.5,2,2
1677,1999,5,4,4
168,1989,2,4,4
1687,1999,2,1,1
1692,1999,4.25,4,4
1693,1999,5,3,3
1695,1999,9,1,1
1696,1999,9,1,1
1697,1999,9,1,1
17,1989,4.2,5,5
17,1996,2,1,1
17,1999,6,1,1
17,2001,2.5714285714285716,7,7
17,2002,2,1,1
170,1997,2,1,1
170,1998,3.8333333333333335,6,6
170,1999,5.6,5,5
170,2011,2,1,1
1715,2001,2,1,1
1716,2001,2,1,1
1720,2001,2,1,1
1721,2001,2,1,1
1723,2001,2.25,4,4
1730,2001,2,1,1
1735,2001,2,1,1
1737,2001,2,1,1
1739,2001,3,3,3
1739,2011,2.3333333333333335,3,3
1739,2013,2.2222222222222223,9,8
1739,2015,2.4,5,5
1739,2016,2.25,20,16
1739,2017,3,1,1
1739,2023,2.2857142857142856,7,4
174,1989,2,2,2
1744,2001,6,1,1
1747,2006,2.6363636363636362,11,11
1747,2007,2,2,1
1749,2001,6,1,1
1750,2001,6,1,1
1752,2001,3,3,3
1753,2001,2.5,6,6
1756,2001,2,1,1
1757,2001,2,3,3
1757,2006,2.8,10,10
1757,2010,2.5,4,3
1757,2011,2,1,1
1757,2015,2,5,4
1757,2016,2,3,2
1759,2001,2,1,1
176,1989,2,1,1
1765,2001,3,1,1
1774,2001,2,1,1
1777,2001,2,1,1
1779,2001,2,1,1
1779,2002,2.25,4,4
1779,2006,3.25,4,4
178,1989,2,1,1
1791,2001,2,1,1
1796,2001,4,2,2
18,1989,2,1,1
18,1990,2.6666666666666665,3,3
18,1994,3,2,2
18,1995,4,1,1
18,1996,3.25,4,4
18,1997,2.3333333333333335,3,3
1803,2001,2,1,1
1804,2001,2,1,1
1818,2001,2,3,3
1825,2001,2,2,2
1829,2001,2,2,2
1829,2002,4,4,4
1829,2017,2.090909090909091,11,10
183,1996,3.4,10,10
1832,2001,2.6666666666666665,3,3
184,1989,3,1,1
184,1990,3.75,4,4
186,1989,3,1,1
186,1990,2,2,2
189,1989,3.5,2,2
1904,2006,4,3,3
1904,2016,2,5,4
1907,2002,3,1,1
1917,2002,3,2,2
1919,2002,2,1,1
1924,2002,2,1,1
1929,2002,2.2857142857142856,7,7
1929,2011,2,3,3
1930,2002,2.7777777777777777,9,9
1932,2002,2,1,1
1939,2002,3.5,2,2
1942,2002,3,2,2
1943,2002,3,2,2
1946,2002,3.8,5,5
195,1989,4,1,1
1956,2002,2,1,1
1957,2002,3.3333333333333335,3,3
1959,2002,4,2,2
1960,2002,2,1,1
1961,2002,2,2,2
1962,2002,4.5,2,2
1964,2002,3,1,1
1966,2002,2.6666666666666665,6,6
1967,2002,2,1,1
1968,2002,2,1,1
197,1989,2,1,1
1971,2002,2,1,1
1978,2002,2.4,5,5
1980,2002,4,1,1
1981,2002,2,1,1
1987,2002,2,1,1
2,1989,3.4,5,5
2000,2002,3,4,4
2008,2002,2.5,4,4
2010,2002,3.1666666666666665,6,6
2013,2002,2,1,1
2014,2002,2.2222222222222223,9,9
2019,2002,3,7,7
2020,2002,2,3,3
2025,2002,2,1,1
2028,2002,3.2,5,5
2028,2011,2.25,4,4
2028,2015,2,1,1
2029,2002,4,2,2
2030,2002,3.5,2,2
2032,2002,2,2,2
2033,2002,2,3,3
2034,2002,2,1,1
2036,2002,2,1,1
2038,2002,2,2,2
2040,2002,3.2222222222222223,9,9
2041,2002,3.0833333333333335,12,12
2042,2002,2.2222222222222223,9,9
2048,2002,4.333333333333333,3,3
2048,2015,2.6666666666666665,3,3
2048,2016,2.6666666666666665,6,4
2049,2002,3.5,2,2
2052,2002,2,1,1
2062,2002,4.333333333333333,3,3
207,1989,2,1,1
2077,2002,3,1,1
208,1990,5,2,2
2081,2002,2,1,1
2089,2002,3.4,5,5
2090,2002,3,7,7
2096,2002,3,1,1
2097,2002,2,1,1
21,1989,3.5,2,2
2101,2002,2,1,1
2102,1999,9,1,1
2102,2002,2.5,4,4
2102,2003,2,1,1
2102,2011,2.5,2,2
2102,2013,3,2,1
2103,2002,3,1,1
2104,2002,3,1,1
2106,2002,2,1,1
2107,2002,2,1,1
2107,2003,2.5,2,2
2109,2002,2.6666666666666665,3,3
2110,2002,4,1,1
2112,2002,2,1,1
2116,2002,2,1,1
213,1990,4.5,4,4
213,2001,2.5,2,2
213,2002,2.4285714285714284,7,7
2130,2002,3,1,1
2135,2002,3,1,1
2137,2002,3,1,1
2138,2002,2.5,2,2
2144,2002,2.25,4,4
215,1989,2,1,1
2156,2002,2,1,1
22,1989,2.5,2,2
22,1990,3,1,1
222,1994,4,2,2
222,1998,2,3,3
2220,2003,3,6,6
2229,2003,3,1,1
223,1988,3,1,1
2232,2003,3,1,1
2235,2003,3,2,2
2237,2003,2.5,2,2
2241,2003,5,1,1
2246,2003,2,1,1
2246,2011,2,1,1
2250,2003,2,1,1
2252,2003,4,1,1
2258,2003,2,1,1
2259,2003,3,1,1
2263,2003,5,1,1
235,1990,5,1,1
235,1993,3.857142857142857,7,7
235,1994,2,2,2
237,1990,3.2666666666666666,15,15
237,1993,2.6666666666666665,3,3
238,1990,3.4444444444444446,9,9
24,1989,4.5,2,2
240,1990,3.5714285714285716,7,7
242,1988,2,1,1
244,1988,2,1,1
245,1988,2,1,1
25,1989,4.125,8,8
250,1988,2,1,1
251,1988,2,1,1
251,1990,2.923076923076923,13,13
251,1993,7,2,2
251,1994,3.25,4,4
251,1998,2.875,8,8
251,1999,4.2,5,5
251,2002,2.5714285714285716,7,7
251,2003,3.2,5,5
26,1989,4.5,2,2
265,1990,2,1,1
266,1990,2,1,1
267,1990,4.166666666666667,6,6
267,1993,7,2,2
269,1990,2.5,2,2
271,1990,2.6,5,5
273,1990,3.75,4,4
275,1990,2,1,1
277,1990,3,4,4
278,1990,2,1,1
279,1990,2,1,1
28,1989,3.2222222222222223,9,9
28,1990,3.1666666666666665,6,6
28,1996,3,1,1
28,1997,3.6,5,5
28,2001,4,2,2
28,2002,2.5,2,2
28,2013,2.6666666666666665,3,3
280,1990,3,1,1
281,1990,3,3,3
282,1990,4.2,5,5
283,1990,3.3333333333333335,3,3
285,1990,4.5,2,2
289,1990,3.75,4,4
29,1989,5,2,2
29,1993,6,1,1
290,1990,3.608695652173913,23,23
291,1990,3.125,16,16
293,2001,4.333333333333333,3,3
293,2002,2.5625,16,16
293,2015,2.25,4,4
295,1990,4,4,4
3,1988,3,1,1
3,1989,2.75,4,4
3,1990,3.55,20,20
3,1998,2.5869565217391304,46,46
3,1999,4.285714285714286,7,7
3,2001,2.5,4,4
3,2002,2.75,4,4
3,2003,2,2,2
3009,2006,3,8,8
3009,2010,3,1,1
3009,2011,2,1,1
3009,2013,2.1818181818181817,11,9
3009,2016,2.090909090909091,11,9
3012,2006,3,2,2
3012,2013,3,3,3
3012,2016,2,2,2
3012,2017,2.6666666666666665,3,2
3013,2006,4,1,1
3016,2011,2,2,2
3016,2013,2.75,4,3
3024,2006,2,1,1
3025,2006,2,1,1
3025,2011,2,7,6
303,1996,2.5,2,2
303,1998,2,5,5
303,2011,3,1,1
304,1990,4.666666666666667,3,3
305,1990,4,2,2
305,1993,2,2,2
306,1990,2,1,1
3082,2006,2,1,1
3085,2006,2,1,1
3086,2006,2.272727272727273,11,11
3086,2007,2,1,1
3086,2010,2,1,1
3086,2021,2,8,6
3087,2006,2.642857142857143,14,14
3098,2006,2.2,5,5
3098,2011,2,1,1
31,1989,2,1,1
3101,2006,2,1,1
3103,2006,2,2,2
3106,2006,3,1,1
3108,2006,2.5,2,2
313,1990,3.5,4,4
314,1990,3.090909090909091,11,11
315,1990,4,1,1
316,1990,2.2222222222222223,9,9
317,1990,2.8,5,5
317,1993,10,1,1
317,1996,3,2,2
317,1997,3.5,8,8
318,1990,2.857142857142857,7,7
32,1989,3.75,4,4
32,1990,6,4,4
32,1994,2,1,1
320,1990,2.1666666666666665,6,6
322,1990,2.6666666666666665,3,3
322,1994,4,1,1
328,1990,4,1,1
329,1990,2,3,3
33,1989,2,1,1
33,1996,2.25,4,4
33,1998,3.0434782608695654,23,23
33,1999,4.4,5,5
33,2001,4,1,1
33,2002,3.2,5,5
33,2003,2.5,4,4
330,1990,2,1,1
331,1990,2,1,1
332,1990,2.5,4,4
333,1990,3,2,2
337,1990,3,1,1
34,1989,2,1,1
34,1990,3,1,1
348,1990,2,1,1
355,1990,3.3333333333333335,3,3
361,1990,3,1,1
363,1990,5,2,2
37,1989,3.4,5,5
37,1990,4.571428571428571,7,7
37,1996,3.3,10,10
37,1997,2.2,5,5
37,1998,2.5714285714285716,7,7
37,1999,3.857142857142857,14,14
37,2002,4,6,6
374,1990,2,2,2
380,1990,4.5,2,2
384,1990,3.5,2,2
385,1990,3.6666666666666665,3,3
385,1994,5,1,1
386,1990,5,1,1
389,1990,3.5,2,2
39,1989,3.6666666666666665,3,3
390,1990,2.5,2,2
390,1994,2,1,1
390,1995,2.5,4,4
391,1990,2,2,2
399,1990,3.6666666666666665,9,9
40,1989,3.6666666666666665,3,3
40,1990,6,1,1
405,1990,2,1,1
406,1990,3.5714285714285716,7,7
407,1990,4.25,4,4
407,1995,4,1,1
407,1996,2,1,1
409,1990,7,1,1
409,1993,2,2,2
409,1996,4,2,2
409,1997,2.3333333333333335,6,6
409,1998,2.9,10,10
409,2002,2.933333333333333,15,15
409,2011,2,1,1
409,2016,2.5,2,2
409,2019,2.25,8,7
409,2021,2,10,5
409,2023,2,5,4
41,1989,5,1,1
4103,2006,3,5,5
4103,2007,2,1,1
4103,2011,2,1,1
4103,2013,2,2,2
4103,2016,2,3,3
4103,2017,2,4,4
4103,2019,2,2,2
4104,2007,2,1,1
4104,2015,2,3,3
4104,2019,2.5,2,2
4111,2007,2,1,1
4113,2015,2,1,1
4113,2016,2.6153846153846154,13,8
4114,2010,2,2,2
4114,2011,2,2,2
4116,2007,2,1,1
4117,2007,2,1,1
4117,2011,2,2,2
4118,2007,2,1,1
4118,2010,2,1,1
413,1990,4.5,6,6
413,1996,3.7142857142857144,7,7
413,1997,2.25,8,8
413,1998,2.9166666666666665,12,12
413,1999,5.5,8,8
413,2002,4,4,4
418,1990,2.5,8,8
418,1991,2,1,1
418,1993,2,1,1
42,1989,2,1,1
420,1990,2.857142857142857,7,7
4203,2010,4,1,1
4203,2011,2,4,4
4203,2015,2,3,1
4203,2019,2,2,2
4203,2023,2,3,1
4206,2008,2,1,1
4206,2010,2,1,1
4206,2011,2,2,2
4207,2008,2,1,1
4208,2008,2,1,1
425,1990,3,5,5
427,1990,3.2222222222222223,9,9
43,1988,3,1,1
43,1989,2,1,1
43,1990,2,1,1
432,1990,4,10,10
432,1993,3,3,3
433,1990,3.4,10,10
433,1993,3,1,1
435,1990,3.25,8,8
436,1990,5.333333333333333,3,3
437,1990,4.666666666666667,3,3
440,1990,2.857142857142857,7,7
448,1990,7,1,1
449,1990,3.142857142857143,7,7
45,1989,2.6666666666666665,3,3
45,1990,3.4,15,15
45,1993,3,5,5
45,1994,3.125,8,8
45,1996,2.6666666666666665,9,9
45,1997,2.2666666666666666,15,15
45,1998,2.85,40,40
45,1999,5.142857142857143,7,7
45,2002,2.75,8,8
45,2003,3.111111111111111,9,9
45,2011,2,2,2
45,2013,2.6,5,4
45,2015,2,3,3
45,2016,2.25,20,17
45,2019,2,2,1
450,1990,2,2,2
4513,2011,2,1,1
4513,2015,2,2,2
4513,2023,2,6,4
4514,2010,2,1,1
4514,2011,2,2,2
452,1990,8,1,1
453,1990,3,1,1
46,1989,3,4,4
46,1990,2,1,1
461,1990,2.5,2,2
462,1990,3,3,3
464,1990,2.5,2,2
465,1990,3,1,1
466,1990,3.5,2,2
466,1996,2.2,5,5
467,1990,4,1,1
468,1990,4,1,1
47,1989,3.1666666666666665,6,6
47,1990,3,6,6
470,1990,3,1,1
473,1990,3.5,2,2
477,1990,2,2,2
478,1990,2,1,1
479,1990,3.5,2,2
480,1990,2.5,2,2
480,1996,2,1,1
480,1997,3,2,2
480,1998,3,1,1
480,1999,3.2,5,5
480,2001,2.6666666666666665,3,3
480,2002,2.8333333333333335,6,6
480,2003,2.5,2,2
480,2011,2,1,1
483,1990,2.5,2,2
484,1990,3,1,1
488,1990,5,1,1
49,1989,2,2,2
494,1990,3,2,2
496,1990,5.666666666666667,3,3
498,1990,4.666666666666667,3,3
5,1989,2.142857142857143,7,7
5,1990,6,1,1
5,1993,6,2,2
5,2001,2.25,4,4
50,1989,3.25,4,4
5001,2011,2,4,4
5001,2015,2,1,1
5001,2016,2,4,3
5002,2015,2,5,5
5003,2010,2,2,2
5003,2011,2,3,2
5003,2016,2.8333333333333335,6,6
5003,2019,2,1,1
5003,2023,3.5,2,2
5009,2010,2.1666666666666665,6,6
5009,2011,2.3333333333333335,3,3
5009,2013,2.625,8,6
501,1990,4,2,2
5011,2011,2,2,2
5015,2011,2.25,4,4
5016,2011,2.3333333333333335,3,3
5018,2011,2,6,6
5018,2016,2.2857142857142856,14,13
5018,2019,2.2,10,10
5019,2011,2,2,2
5019,2016,2,4,4
5019,2019,3,1,1
5021,2011,2,1,1
5024,2011,2,1,1
5024,2015,2,2,2
5024,2016,2.5,6,4
5025,2011,2.5,4,4
5025,2016,2,8,7
5027,2011,2.6666666666666665,3,3
5027,2013,2,1,1
5028,2011,2,7,6
5029,2010,2,1,1
5029,2011,2,2,2
5029,2015,2,1,1
5029,2016,2,11,9
5031,2010,2,2,2
5032,2010,2.142857142857143,7,7
5033,2010,2,3,3
5035,2010,2,2,2
5035,2015,2,1,1
5035,2019,2.5,6,4
5036,2010,2,1,1
5036,2011,2,2,2
5036,2013,2,3,3
5036,2016,2.8,10,7
5036,2019,2,1,1
504,1990,2,2,2
5044,2010,2,1,1
5049,2011,2,1,1
5052,2011,2.3076923076923075,13,11
5053,2011,2,2,2
5059,2011,2,2,2
5059,2015,2.4285714285714284,7,6
5059,2016,2,2,1
5059,2019,2,1,1
506,1993,3.25,4,4
5061,2011,2,1,1
5061,2015,2.2,25,18
5061,2016,2,1,1
5063,2011,2,1,1
5064,2016,2.1515151515151514,33,28
5064,2021,2.2,10,8
5064,2023,2.2,5,3
5065,2011,2,2,2
5067,2010,2,6,6
5067,2016,2,1,1
5067,2017,2,2,2
5067,2019,2,1,1
5067,2023,2,1,1
5068,2011,2,1,1
5068,2015,3,6,5
5068,2016,2,4,3
5068,2019,2,2,1
5068,2023,3.25,4,3
5069,2010,2,2,2
5069,2011,2,4,4
507,1993,2.75,4,4
507,1996,2,2,2
507,1997,3.625,8,8
507,2001,2,1,1
5071,2011,2,3,3
5071,2015,4,2,2
5071,2016,2.8947368421052633,19,17
5071,2017,2.3333333333333335,3,3
5075,2010,2,2,2
5075,2011,2.2,10,8
5075,2015,2.5,4,4
5075,2016,2.9047619047619047,21,17
5078,2010,2,1,1
5078,2013,2.6666666666666665,3,2
5078,2016,2.6,30,24
5078,2019,2,2,2
5078,2021,2.3529411764705883,17,11
508,1990,3.6666666666666665,3,3
508,1994,2,2,2
5080,2013,2.1666666666666665,6,4
5080,2015,2,5,4
5080,2016,2.7,10,7
5081,2011,2,2,2
5088,2010,2,2,2
509,1990,3.6666666666666665,3,3
509,1997,2,2,2
5092,2015,2,2,2
5092,2019,2.5,6,4
5099,2011,2,2,1
51,1989,5,1,1
51,1990,4.444444444444445,9,9
510,1990,2,1,1
5103,2011,2,1,1
5104,2011,2.5,2,2
5104,2013,2,1,1
5104,2015,2,1,1
5104,2016,2,10,8
5106,2010,2,1,1
5106,2011,2,1,1
5108,2011,2.272727272727273,11,10
5108,2016,2,2,2
5108,2021,2,12,10
5108,2023,2,5,5
5109,2011,2.5,4,3
5109,2015,2.3636363636363638,11,8
5109,2019,2.6666666666666665,3,2
5109,2021,2.1666666666666665,6,6
5110,2011,2,2,2
5111,2011,2,1,1
5111,2016,2,2,2
5111,2019,2.4285714285714284,7,7
5111,2021,2.6666666666666665,3,2
5112,2010,2,3,3
5112,2011,2.25,4,4
5113,2010,2,1,1
5113,2011,2.2,5,5
5114,2011,3,3,3
5114,2015,2,2,2
5114,2016,3,1,1
5114,2019,3,1,1
5114,2021,2,3,3
5114,2023,2,2,2
5115,2011,2.5,6,6
5116,2011,2,2,2
5117,2011,2.5,4,3
5123,2011,2.3333333333333335,3,3
5124,2011,2,3,2
5125,2011,3,1,1
5126,2011,2,1,1
5127,2011,2,1,1
5127,2015,4,1,1
5127,2016,2,1,1
5128,2011,2,2,1
5129,2011,2,4,4
5132,2011,2,1,1
5132,2016,2,5,5
5132,2019,2,4,4
5132,2021,2,3,3
5133,2011,2,1,1
5135,2011,2,1,1
5137,2010,2,1,1
5137,2011,2,1,1
5142,2011,2,1,1
5144,2010,2,1,1
5144,2011,3,3,3
5144,2016,2.4,5,5
5145,2011,2,1,1
5146,2011,2,1,1
5150,2011,3,1,1
5158,2010,2,2,2
5158,2011,2,2,2
5158,2016,2.625,8,6
5158,2017,2,3,3
5159,2016,2,7,7
5159,2017,2,8,6
5161,2010,2,1,1
5161,2011,2,2,2
5165,2013,2.2,5,5
5165,2016,2,8,7
5165,2017,2.142857142857143,7,5
5172,2011,2,3,3
518,1990,2.75,4,4
518,1998,2.3333333333333335,6,6
5180,2011,2,1,1
5183,2011,2,1,1
5184,2010,2,1,1
5185,2011,2.3333333333333335,3,3
5191,2011,2,1,1
5194,2011,2,3,3
5194,2016,2.4782608695652173,23,18
5194,2019,2,8,7
5194,2021,2.125,8,7
5199,2011,2,3,3
5199,2021,2.5,2,2
5199,2023,2.142857142857143,7,6
52,1989,5,1,1
5201,2011,2,1,1
5206,2011,2,2,2
5206,2015,2,3,2
5206,2017,2,3,2
5206,2019,2.5,2,2
5208,2011,2,1,1
5217,2011,2,5,4
5223,2010,2.6666666666666665,6,5
5229,2011,2,1,1
5229,2013,2,1,1
531,1990,2,2,2
531,1993,2.5,2,2
531,1994,2.6363636363636362,11,11
531,1995,3,2,2
531,1996,2.2,5,5
531,1999,4.538461538461538,13,13
531,2001,3.75,4,4
531,2002,2,1,1
531,2006,2,1,1
531,2015,2,2,2
532,1990,2,1,1
537,1990,2,2,2
54,1989,3,1,1
54,1990,2.3333333333333335,3,3
54,1993,3.3333333333333335,3,3
54,1995,3,2,2
54,1997,2.4761904761904763,21,21
54,1998,2.5833333333333335,12,12
54,1999,3.7142857142857144,7,7
54,2003,2,1,1
54,2011,2,1,1
54,2015,2.3333333333333335,3,2
54,2016,2.8043478260869565,46,33
54,2019,2.125,8,8
544,1990,2,1,1
547,1990,4,1,1
549,1990,2,1,1
549,1994,3.5,2,2
549,1996,2.6,5,5
549,1998,2.8333333333333335,6,6
549,1999,4.714285714285714,7,7
549,2002,2.4,5,5
554,1990,6,1,1
555,1990,3,1,1
558,1990,6,1,1
56,2006,2.6666666666666665,6,6
561,1990,6,1,1
562,1990,6,1,1
563,1990,6,1,1
57,1990,4.6,5,5
57,1996,2,1,1
57,2001,2.4,5,5
572,1991,2,1,1
59,1990,4.333333333333333,12,12
59,1997,7,1,1
5910,2010,2,1,1
5919,2010,3,1,1
5926,2010,2,1,1
5963,2013,2,1,1
6,1989,3,1,1
6000,2013,2,3,3
6001,2013,3,2,2
6002,2016,2,3,2
6003,2016,2.4444444444444446,18,16
6003,2019,2.5833333333333335,12,10
6004,2013,2,1,1
6006,2013,2.5,2,2
6008,2013,2,1,1
6008,2019,2.25,4,3
6010,2013,2,1,1
6010,2015,2,2,2
6010,2016,2,3,3
6011,2013,2.5,2,2
6012,2013,3,1,1
6014,2013,3,1,1
6015,2013,2,2,2
6016,2013,2,4,4
6016,2016,2.2142857142857144,14,11
6016,2017,2,2,1
6017,2013,2.6666666666666665,3,3
6018,2013,2.5,2,2
6021,2013,2,1,1
6021,2019,2.75,4,2
6021,2021,2,2,1
6022,2013,2,1,1
6022,2015,2,2,2
6022,2016,2,3,3
6022,2023,3,2,1
6024,2013,2,1,1
6024,2023,4,1,1
6025,2013,2.3333333333333335,3,3
6025,2016,2.25,4,3
6025,2017,2,5,4
6026,2015,2,6,5
6026,2019,2.5294117647058822,17,13
6026,2021,2,3,3
6027,2015,2,1,1
6027,2017,2,1,1
6031,2013,2,2,2
6034,2013,3,2,2
6035,2013,2,1,1
604,1993,2,2,2
605,1993,2,1,1
606,1993,2,1,1
606,1997,2.5,2,2
606,2001,5,1,1
606,2002,3,7,7
606,2003,2.6666666666666665,3,3
606,2010,2.4545454545454546,11,8
606,2013,3,4,3
607,1993,4,1,1
61,1989,3,9,9
61,1990,3.8333333333333335,6,6
61,1993,6.5,2,2
6102,2015,2.4,5,4
6102,2016,2,2,2
6102,2019,2.7142857142857144,7,6
6102,2021,2,4,3
6103,2015,2,2,2
6104,2015,2,2,2
6104,2019,2,1,1
6104,2023,2.5,2,2
6105,2016,2.1153846153846154,26,21
6105,2019,2,3,3
6105,2021,2,10,8
6106,2016,2,1,1
6107,2015,2,1,1
6108,2015,2,1,1
6108,2016,2,1,1
6108,2021,2.4,5,4
6108,2023,2.4285714285714284,14,9
6109,2015,2,1,1
6110,2015,2,2,2
6112,2015,2,2,2
6112,2016,3.2857142857142856,7,5
6112,2023,4,1,1
6113,2015,2,1,1
6113,2016,2.0526315789473686,19,16
6113,2021,2,3,2
6115,2015,2,3,3
6115,2016,2.375,8,7
6115,2019,2.4285714285714284,7,6
6115,2021,2.6666666666666665,3,3
6115,2023,2,4,4
6116,2015,2,2,2
6117,2015,2,2,2
6118,2015,2.1666666666666665,6,6
6119,2015,2.25,4,4
6120,2019,2.5,2,2
6122,2015,2,3,2
6122,2019,2.5555555555555554,9,8
6122,2021,2,5,3
6123,2016,2,5,5
6123,2019,2.5555555555555554,9,7
6124,2015,2,1,1
6125,2015,2,1,1
6126,2015,2,3,3
6127,2015,2.3333333333333335,9,7
6128,2015,2.1666666666666665,12,9
6128,2016,2.823529411764706,17,15
6129,2015,2,4,3
6129,2019,2,1,1
613,1993,2,1,1
6130,2015,2,6,4
6130,2016,2.1818181818181817,11,7
6130,2019,2.3333333333333335,12,10
6130,2021,2.8333333333333335,6,6
6131,2015,2,2,1
6132,2015,2,1,1
6133,2015,3,2,1
6133,2016,2.375,8,7
6134,2015,2,3,3
6134,2021,2,2,2
6135,2015,2,1,1
6138,2021,2.3333333333333335,3,3
6139,2015,2.3333333333333335,3,2
6139,2019,2.5555555555555554,9,7
6140,2016,2,4,4
6140,2021,2,2,2
6140,2023,2.5,6,5
6141,2016,2,1,1
6141,2021,2.25,12,10
6141,2023,2,4,3
6142,2016,2.24,25,16
6142,2019,2,1,1
6142,2021,2.1818181818181817,11,7
6143,2016,2,1,1
6144,2016,2,3,3
6145,2019,2,2,2
6145,2023,2,9,6
6146,2015,2,2,1
6147,2015,2,1,1
6147,2016,3.0952380952380953,21,16
6148,2015,2.25,4,4
6150,2015,2,1,1
6150,2016,2,1,1
6151,2019,2,1,1
6153,2015,2,1,1
6153,2016,2,1,1
6153,2021,2.2857142857142856,7,6
6153,2023,2.375,8,8
6154,2015,2,3,3
6155,2015,2.5,4,4
6156,2015,2,3,3
6156,2016,2.7142857142857144,7,5
6156,2019,2,8,6
6156,2021,2,8,7
6158,2015,2,1,1
6159,2015,2,6,6
6160,2015,2,2,2
6161,2015,2,1,1
6161,2016,3.25,4,3
6162,2015,2,5,4
6164,2015,2,2,2
6167,2015,2,3,3
6168,2015,2,3,2
617,1993,4,1,1
617,1996,3.4285714285714284,7,7
6170,2015,2.25,4,4
6171,2019,2,7,4
6172,2015,2,2,2
6172,2016,2.2222222222222223,9,8
6173,2015,3,2,1
6173,2016,2,2,2
6175,2015,2.5,6,5
6176,2015,2.375,8,7
6177,2015,2,2,2
6178,2015,2,2,1
6178,2016,2,7,6
6178,2021,2,1,1
6178,2023,2.5,8,7
618,1993,4,1,1
6180,2015,2,1,1
6181,2015,2,1,1
6182,2015,2,1,1
6182,2023,2,4,4
6185,2015,2,1,1
6189,2015,2.3333333333333335,6,4
619,1993,4,2,2
619,1997,2.3333333333333335,12,12
62,1989,2.3333333333333335,3,3
6201,2016,2,2,2
6201,2019,2.3333333333333335,3,3
6201,2021,2,2,2
6203,2016,2,11,8
6203,2021,2,1,1
6203,2023,2.3333333333333335,3,3
6205,2016,2,1,1
6206,2016,2.652173913043478,23,18
6207,2016,2.7777777777777777,9,7
6208,2016,3.25,8,5
6208,2021,2,1,1
6209,2016,3,9,9
6210,2016,2.4210526315789473,19,15
6210,2019,2.3333333333333335,6,6
6210,2021,2,5,4
6210,2023,2.5555555555555554,9,6
6211,2016,2,4,3
6211,2023,2,2,2
6212,2016,2.25,4,3
6213,2016,2.111111111111111,9,7
6214,2016,2,2,2
6215,2016,2,4,3
6215,2019,2.142857142857143,7,5
6215,2023,2.6923076923076925,13,11
6216,2016,2.25,8,6
6217,2016,2,7,5
6220,2023,2.5384615384615383,13,8
6221,2016,3,1,1
6222,2016,2,6,5
6224,2016,2,1,1
6224,2019,3,1,1
6227,2016,2.2857142857142856,7,5
6228,2016,2,2,2
6229,2016,2,1,1
623,1993,4,2,2
6230,2016,3,1,1
6231,2016,2.875,8,6
6231,2019,2,3,3
6231,2021,2,1,1
6232,2016,2,1,1
6232,2017,2,2,2
6233,2016,2,3,3
6233,2017,2,7,5
6234,2016,2.75,4,4
6235,2016,2,5,4
6235,2019,2.25,8,7
6235,2023,2.1818181818181817,11,8
6236,2016,2,8,8
6237,2016,2,2,1
6237,2021,2.2,5,4
6239,2016,2.2857142857142856,7,7
6239,2019,2,4,3
6239,2021,2.2,5,5
624,1993,4,2,2
624,1994,2.5,2,2
624,1996,2,1,1
624,1997,3.5,2,2
624,1999,5.25,4,4
6240,2016,2.111111111111111,9,8
6241,2016,2,1,1
6242,2016,2,1,1
6242,2019,2.25,4,3
6243,2016,2.5,8,6
6244,2016,2,3,3
6245,2016,2.2857142857142856,7,6
6246,2019,2.230769230769231,13,12
6246,2021,2.5,8,8
6246,2023,2.25,4,4
625,1993,6,1,1
6253,2016,2,4,3
6254,2016,2,5,5
6254,2019,2,3,3
6254,2023,2.4,10,9
6255,2016,2,1,1
6256,2016,2.6666666666666665,6,5
6257,2017,2.3333333333333335,6,3
626,1993,6,1,1
629,1993,2.5,6,6
629,1994,2,2,2
63,1989,3.5,4,4
63,1990,4,3,3
6302,2017,2,2,2
6302,2023,2.1,10,7
633,1993,2.25,4,4
633,1994,4,1,1
633,1995,2,1,1
633,1996,2,1,1
635,1993,2,2,2
64,1990,3,2,2
6400,2021,2,2,1
6400,2023,2.5,2,2
6401,2019,2,1,1
6401,2021,2.6666666666666665,3,3
6402,2019,2.3333333333333335,3,3
6405,2019,2,2,1
6406,2019,2,3,2
6407,2019,2.3333333333333335,3,3
6408,2019,2,2,2
6409,2019,2.5,2,2
6410,2019,3,1,1
6411,2019,2,2,1
6413,2019,2,2,2
6415,2019,2.7333333333333334,15,11
6415,2021,2.0714285714285716,14,12
6415,2023,2.2962962962962963,27,21
6416,2019,2,3,3
6417,2019,2.75,4,2
6417,2023,2,4,2
6418,2019,2,3,2
6419,2019,2,3,3
642,1993,2,2,2
6420,2019,2,3,3
6421,2019,2,2,1
6421,2023,2,6,5
6423,2019,2.5555555555555554,9,7
6426,2019,2,2,1
6426,2021,3.3333333333333335,3,2
6427,2019,2,1,1
6427,2021,2,5,2
6428,2019,2,3,2
6429,2019,2.8333333333333335,6,4
6432,2019,2,1,1
6436,2019,3,2,1
6437,2019,2,3,2
6437,2023,2.7333333333333334,15,15
6439,2019,2,2,2
644,1993,6.5,2,2
6440,2019,2,2,2
6440,2023,2.3125,16,13
6441,2019,2,4,3
6441,2021,2.2,10,8
6441,2023,2.5,4,3
6442,2019,2.6,5,3
6442,2021,2,1,1
6443,2019,2,1,1
6445,2019,2,1,1
6445,2021,2,1,1
6446,2019,2.5,6,6
6447,2019,2,1,1
6447,2023,2.142857142857143,14,13
6448,2019,3,6,6
6448,2021,2.076923076923077,13,10
6448,2023,2,4,3
6450,2019,2,1,1
6450,2021,2.142857142857143,7,6
6451,2019,2,2,1
6453,2019,2,2,2
6454,2019,2,1,1
6455,2019,2,1,1
6457,2019,2,3,2
6457,2021,2.5,2,2
649,1993,10,1,1
649,1996,3.8,5,5
649,2002,3.2,5,5
650,1993,10,1,1
6501,2021,2,1,1
6502,2021,2,4,4
6502,2023,2,4,4
6503,2021,2,4,2
6506,2021,2,2,2
6508,2021,2.4444444444444446,9,8
6512,2021,2,6,5
6512,2023,2,2,2
6513,2021,2,1,1
6514,2021,2,1,1
6514,2023,2,3,2
6515,2021,2.3333333333333335,6,5
6515,2023,2.0833333333333335,12,7
6516,2021,2,7,5
6516,2023,2.2777777777777777,18,17
6517,2021,2.5,6,5
6518,2021,2.25,4,4
6519,2021,2,2,2
6519,2023,2,9,7
6521,2023,2.2,5,5
6522,2021,2.3333333333333335,3,3
6523,2021,2,1,1
6524,2021,2,1,1
6525,2021,2.142857142857143,7,6
6526,2023,2,2,2
6527,2023,2.1538461538461537,13,9
6528,2021,2,4,3
6529,2021,2,2,2
653,1993,10,1,1
653,1994,2.5,2,2
653,1996,4,1,1
653,1998,3,13,13
653,1999,5.5,10,10
653,2001,2,1,1
6530,2021,2,1,1
6531,2021,2,7,6
6531,2023,2,5,4
6532,2021,2.25,4,4
6533,2021,2,1,1
6534,2021,2,1,1
6535,2021,2,2,2
6536,2021,2,2,2
6537,2021,2,5,3
6539,2021,2.3333333333333335,3,3
654,1993,3,2,2
6540,2023,2.111111111111111,9,6
6541,2021,2.5,8,6
6541,2023,2.4761904761904763,21,13
6542,2021,2.1666666666666665,6,5
6542,2023,2.7,10,9
6543,2021,2,4,3
6543,2023,2,3,2
6544,2021,2,1,1
6545,2021,2,5,4
6546,2021,2,1,1
6547,2021,2.4,5,3
6549,2021,2.6666666666666665,3,2
6549,2023,2.823529411764706,17,13
6550,2021,2,1,1
6553,2021,2.142857142857143,7,7
6553,2023,2,2,2
6555,2021,3,2,2
6555,2023,2.1818181818181817,22,18
6556,2023,2.3333333333333335,3,3
6561,2021,2,1,1
6561,2023,2,6,5
6563,2021,2,1,1
6563,2023,2.5384615384615383,13,10
6564,2021,2,1,1
6566,2023,2.5,4,4
6568,2021,2.3333333333333335,6,6
66,1989,2,1,1
6600,2023,2.0625,16,11
6601,2023,2.4615384615384617,52,44
6602,2023,2.1875,16,13
6603,2023,2.4827586206896552,29,21
6608,2023,2,21,15
6609,2023,2,10,8
6612,2023,2.2,10,7
6613,2023,2.3333333333333335,12,11
6615,2023,2.5714285714285716,7,6
6616,2023,2.7777777777777777,9,6
6618,2023,2,3,3
6620,2023,2,7,5
6623,2023,2.3157894736842106,19,16
6626,2023,2.15,20,14
6628,2023,3,1,1
6630,2023,2.2857142857142856,7,6
6631,2023,2,1,1
6640,2023,2,3,2
6644,2023,2,1,1
6645,2023,2,2,1
6646,2023,2,4,3
6647,2023,3,4,2
6648,2023,2,1,1
6650,2023,2.2,10,6
6652,2023,2,1,1
6660,2023,2,3,2
6661,2023,2.25,4,4
6668,2023,2,1,1
6669,2023,2.3333333333333335,3,3
667,1993,3,3,3
6673,2023,2,5,4
668,1993,2,1,1
6680,2023,2,10,6
6681,2023,2,3,2
67,1989,2.3333333333333335,3,3
674,1993,2,1,1
674,1999,3.6666666666666665,6,6
674,2002,3,3,3
677,1996,2,1,1
677,1997,2.75,4,4
677,1998,3,5,5
677,2001,4,3,3
677,2002,3,3,3
683,1993,2.75,4,4
687,1993,3,1,1
688,1993,3,1,1
69,1989,2,1,1
690,1993,2.5,2,2
701,1993,2,2,2
702,1994,3,1,1
702,1996,2,1,1
707,1993,4,1,1
707,1994,2.5,2,2
720,1993,4,1,1
722,1993,2,1,1
723,1993,3,1,1
723,1999,7,1,1
74,1989,2,1,1
74,1990,2,2,2
75,1989,2,1,1
76,1989,3.1666666666666665,6,6
76,1990,2.5,8,8
76,1996,2,2,2
76,1997,2.5,2,2
76,2002,2.75,4,4
76,2010,2.5,8,8
76,2011,2.3333333333333335,3,3
78,1988,2,1,1
78,1989,5,1,1
78,1990,2,1,1
8,1989,3,3,3
801,1994,3,1,1
803,1994,3,1,1
804,1994,3,1,1
804,1996,4.25,4,4
804,1997,2.4,10,10
804,1998,2.761904761904762,21,21
804,1999,4.25,20,20
804,2002,2.761904761904762,21,21
804,2010,2.4,5,5
804,2011,2,2,2
804,2016,2.125,8,6
804,2017,2,1,1
810,1994,2,1,1
811,1994,3,1,1
814,1994,2,1,1
818,1994,3,1,1
819,1994,4,2,2
824,1994,3,2,2
824,1995,4,1,1
824,1996,2.4,5,5
824,1998,3.2,25,25
824,1999,4.090909090909091,11,11
824,2001,2.8333333333333335,6,6
824,2002,3,9,9
824,2003,2.7777777777777777,9,9
824,2006,2,1,1
829,1994,4,2,2
83,1989,2,3,3
83,1990,2.5,2,2
830,1994,5,1,1
832,1994,5,1,1
832,1997,2.4,5,5
832,1999,6.428571428571429,7,7
832,2002,3,2,2
832,2006,4.5,2,2
832,2010,2,2,2
832,2015,2,2,2
832,2016,2,3,3
832,2021,2,4,4
835,1994,3,1,1
837,1994,3,1,1
845,1994,2.5,2,2
848,1994,2.888888888888889,9,9
849,1994,2,1,1
85,1990,3,8,8
850,1994,2,1,1
865,1994,2,1,1
866,1994,2.3333333333333335,3,3
87,1989,2,1,1
870,1994,2.5,2,2
871,1994,3.5,2,2
882,1994,5,1,1
887,1994,4.5,2,2
89,1989,2.3333333333333335,6,6
89,1990,5,1,1
89,1996,2.25,4,4
89,1997,2,2,2
89,1998,2.6666666666666665,3,3
89,2006,3,2,2
89,2010,2,2,2
89,2011,2.5,2,2
89,2016,2,3,3
89,2017,2,3,3
89,2021,2,1,1
895,1994,2,1,1
9,1989,2,2,2
9,1997,2,1,1
9,2001,3,5,5
9,2002,3,6,6
90,1989,2.5,2,2
905,1994,2,2,2
905,1996,2,3,3
905,1999,4.5,2,2
907,1994,2,3,3
907,1996,2.3333333333333335,3,3
909,1996,2,2,2
91,1989,2,1,1
91,1996,3.6666666666666665,3,3
915,1994,4,1,1
92,1989,2,1,1
92,1990,2,1,1
92,1996,2,3,3
92,1997,2.1666666666666665,6,6
92,2002,2.4444444444444446,9,9
92,2003,3,3,3
92,2011,2,1,1
92,2016,2.0588235294117645,17,15
94,1989,3,1,1
94,1990,4.6,5,5
94,1998,2,3,3
94,1999,4,2,2
950,1995,2.75,4,4
950,1996,3.6,5,5
950,1997,2.9375,16,16
950,1998,2.6666666666666665,6,6
952,1995,2.6666666666666665,3,3
952,1996,2,1,1
952,1997,2.5,4,4
952,1998,2,2,2
952,1999,5.555555555555555,9,9
952,2002,2,1,1
952,2006,3.6,5,5
959,1995,3,1,1
959,1997,2.5,2,2
961,1995,2,2,2
961,1997,2.5714285714285716,7,7
961,1998,2.3333333333333335,3,3
961,2002,2.8,5,5
961,2010,2,1,1
961,2016,2.473684210526316,38,32
961,2021,2.25,4,4
961,2023,2,4,3
97,1989,2.5,2,2
971,1995,2,1,1
98,1989,2.3333333333333335,3,3
98,1990,5,1,1
9901,1996,2,1,1
9901,1997,3,4,4
9901,1998,2.5,2,2
9902,1990,3.6666666666666665,3,3
9902,1993,3,2,2
9903,1996,2.6666666666666665,3,3
9904,1999,2,1,1
9905,2003,2,1,1
9906,1990,2,1,1
9907,1996,2.7142857142857144,7,7
9908,1999,3,2,2
9909,2003,2,1,1
9910,1990,2,2,2
9911,1996,4,7,7
9911,1999,4.666666666666667,3,3
9912,1989,2.5,2,2
9912,1990,2,1,1
9913,1990,4.333333333333333,3,3
9914,1999,8,1,1
9915,1998,2,2,2
9916,1999,2,1,1
9918,2006,2,2,2
9918,2016,2.1666666666666665,6,6
9918,2019,2,2,2
9919,2011,2.3333333333333335,3,3
9919,2013,2.6,5,4
9920,1996,2.1666666666666665,6,6
9921,1996,3.3333333333333335,6,6
9922,2003,3,1,1
