Title,Year
1009,1996
102,1996
102,1998
102,2011
102,2015
102,2016
102,2018
1094,1996
120,1996
120,2013
120,2018
131,1998
131,1999
1313,2011
1318,1997
1364,2018
1472,1998
1500,1998
159,1996
1739,2016
2048,2011
2048,2015
2048,2018
251,1999
293,1990
293,2002
293,2011
3016,2013
3016,2018
306,1990
37,1997
407,1995
409,2011
4113,2015
4113,2016
4206,2018
433,1990
45,2011
45,2015
45,2018
4513,2010
480,2011
5025,2018
5031,2010
5052,2011
5061,2015
5069,2018
5078,2015
5080,2015
5116,2011
5117,2011
518,1990
5193,2010
5193,2018
5194,2016
5202,2011
5204,2011
5206,2015
5220,2011
5223,2010
5228,2011
531,2015
54,1993
54,1997
54,1998
54,2003
54,2011
54,2016
5910,2010
5910,2018
6003,2013
6003,2018
6009,2018
6127,2015
6130,2015
6141,2015
6143,2015
6150,2015
6163,2015
6167,2015
617,1996
617,2018
6172,2015
6175,2015
6179,2015
6183,2015
6188,2015
619,1997
6234,2016
804,1996
804,1997
804,1998
804,1999
804,2011
830,1994
845,1994
848,1994
89,1997
92,1997
92,2013
92,2018
94,1998
94,1999
952,1997
unk,2015
